Node.js,Java,SQL
Java,Pandas,Node.js,Machine Learning,Python
AWS,Python,Node.js,Java,Docker,Machine Learning
Java,Machine Learning,CSS,AWS,Python
React,MongoDB,HTML,Java,Machine Learning,Docker,CSS,Python
Docker,Pandas,Python
Node.js,Python,Git,MongoDB
Docker,SQL,AWS,HTML,Git
Pandas,Git,Python,Java,Docker
Machine Learning,CSS,Docker,React,Java,HTML,Python
Docker,CSS,Python,Node.js
MongoDB,CSS,Docker
SQL,Machine Learning,Docker,Pandas,HTML,Python
MongoDB,React,Git,Java,HTML,CSS
CSS,Git,Java,MongoDB,Machine Learning,Python
Java,Machine Learning,Docker,Python
AWS,Machine Learning,Python
Machine Learning,AWS,SQL,Node.js,Python
Pandas,MongoDB,Git,React,Docker,HTML,CSS,Python
SQL,AWS,HTML,Git,React,Java,CSS
Python,Java,AWS,HTML,Git,Pandas
Python,Docker,MongoDB,HTML,Pandas,CSS
Machine Learning,MongoDB,Docker,Python
Docker,HTML,Python
Pandas,Node.js,MongoDB,Java,Python
React,MongoDB,Docker,Python,AWS,HTML,CSS
React,Python,Node.js,Machine Learning,AWS,HTML,CSS
Node.js,HTML,Machine Learning,MongoDB,Python
Pandas,React,HTML,CSS,Python
MongoDB,Docker,Git,Node.js,React,CSS,HTML
CSS,Pandas,AWS,Docker,React,HTML,Python
React,HTML,Docker,AWS,Pandas,CSS,Python
Node.js,CSS,SQL,HTML,AWS
Node.js,React,Docker,HTML,CSS
AWS,Git,MongoDB,Pandas,Python,Node.js
CSS,Machine Learning,AWS,Node.js,Python
Python,Node.js,HTML
Python,HTML,Pandas
Node.js,Docker,AWS,Java,Machine Learning,Python
React,MongoDB,Python,HTML,CSS
Python,Machine Learning,CSS,Java
Git,React,Docker,Node.js,HTML,CSS
AWS,MongoDB,Git,Pandas,SQL,CSS,Python
Node.js,Java,SQL,Machine Learning,Pandas,Python
MongoDB,Java
Python,SQL,Pandas,Java
MongoDB,Pandas,Git,CSS,SQL,Python
HTML,SQL,Python,Git
Git,Python,React,CSS,Java,HTML
HTML,Node.js,Git,CSS,Pandas,Python
Machine Learning,Pandas,SQL,MongoDB,Java,Python
Machine Learning,AWS,Python
Node.js,HTML,React,Machine Learning,CSS,Python
Python,Docker
SQL,Docker,Git,CSS
AWS,Machine Learning,Python
Machine Learning,Node.js,Python
Git,CSS,AWS
CSS,SQL,AWS,React,HTML,Node.js
AWS,CSS,Node.js,Java,Git
HTML,Machine Learning,Pandas,MongoDB,React,CSS,Python
Pandas,MongoDB,React,HTML,CSS,Python
Docker,React,MongoDB,HTML,CSS
SQL,Git,CSS,Python
Docker,Machine Learning,Node.js,Python
React,Machine Learning,HTML,CSS,Python
React,Python,Node.js,Docker,SQL,HTML,CSS
Docker,Pandas,Python,Java,CSS,MongoDB
AWS,Python,SQL,Machine Learning,Docker,Node.js
MongoDB,Docker,React,HTML,CSS
React,Python,AWS,Machine Learning,HTML,CSS
SQL,React,HTML,CSS
Pandas,Node.js,MongoDB,Python
Java,Pandas,CSS,Python,SQL
Java,Machine Learning,Python,MongoDB,Pandas
React,AWS,Machine Learning,Python,Node.js,HTML,CSS
Docker,Node.js
React,Git,HTML,Machine Learning,CSS,AWS,Python
Docker,Git,CSS,AWS,Java
Docker,Python,Java,HTML,Pandas,SQL
SQL,MongoDB,AWS
Java,CSS,Docker
React,HTML,SQL,Python,CSS
CSS,Pandas,Git,AWS,Python
Git,Docker,MongoDB,Pandas,Machine Learning,Python
AWS,Python
React,Node.js,Pandas,Java,HTML,CSS,Python
Java,SQL,Python,CSS,MongoDB,Docker
Docker,SQL
MongoDB,SQL,Java,CSS,Git,Machine Learning,Python
AWS,HTML
SQL,Git,Java,Pandas,Python
Machine Learning,Python,Pandas,MongoDB,React,HTML,CSS
Java,MongoDB,CSS
Python,Git
HTML,MongoDB
Node.js,Machine Learning,AWS,MongoDB,Java,Python
Node.js,SQL,AWS,CSS
HTML,React,Git,Machine Learning,MongoDB,Java,CSS,Python
HTML,Python
AWS,Machine Learning,Python,SQL,Node.js
AWS,HTML,MongoDB
HTML,SQL,React,Java,Python,Machine Learning,CSS
Node.js,Java,AWS
Node.js,SQL,Machine Learning,Python
Java,Pandas,Python
Pandas,Node.js,Python
Git,MongoDB
MongoDB,Node.js
MongoDB,Python,SQL,Git
CSS,Git,Node.js
Node.js,AWS,Python,Git,MongoDB
Machine Learning,React,HTML,CSS,Python
AWS,Machine Learning,Git,HTML,Node.js,Python
HTML,CSS,SQL
Java,React,HTML,MongoDB,Git,SQL,CSS
Docker,HTML,SQL,Machine Learning,Java,Pandas,Python
SQL,Docker
HTML,Docker,Git
Python,Machine Learning
Java,AWS
Machine Learning,Git,Node.js,React,Java,HTML,CSS,Python
Git,React,AWS,HTML,CSS
HTML,Machine Learning,Python
Python,MongoDB,AWS
CSS,SQL,Python,Git
Pandas,Python,HTML,Java
CSS,Pandas,Python
Pandas,SQL,Python
Pandas,HTML,Docker,CSS,Java,SQL,Python
Git,MongoDB,Python,HTML,React,Node.js,CSS
React,MongoDB,Git,SQL,Python,Node.js,HTML,CSS
Machine Learning,Git,React,HTML,CSS,Python
React,MongoDB,HTML,CSS
Python,MongoDB
React,AWS,Docker,CSS,HTML
Git,Python,React,MongoDB,AWS,HTML,CSS
AWS,Pandas,SQL,Machine Learning,Python
React,Node.js,CSS,AWS,HTML
AWS,React,Java,HTML,CSS
Python,CSS
CSS,Git,Pandas,Node.js,SQL,Python
CSS,Java,Pandas,Docker,Machine Learning,Python
Pandas,Docker,Node.js,SQL,Git,MongoDB,Python
Node.js,Python,Docker,Java
Git,Java
React,Docker,HTML,CSS
Node.js,Pandas,SQL,CSS,Python,Java
Docker,CSS,Git,SQL,HTML
Python,Git
HTML,Pandas,CSS,Python,Docker
HTML,SQL,Java
Machine Learning,Git,CSS,AWS,React,MongoDB,HTML,Python
React,Python,MongoDB,Git,AWS,HTML,CSS
React,Git,AWS,Node.js,Pandas,Machine Learning,HTML,CSS,Python
React,Python,AWS,Node.js,Docker,Git,HTML,CSS
Python,Docker
AWS,Node.js
Machine Learning,CSS,Java,Python
Docker,React,Java,Machine Learning,HTML,CSS,Python
MongoDB,AWS,HTML
SQL,Python,HTML,Machine Learning,Pandas,Git
Machine Learning,AWS,HTML,Java,MongoDB,Python
CSS,React,Node.js,HTML
Java,React,AWS,MongoDB,Node.js,CSS,HTML
Git,MongoDB,Python
Pandas,AWS,Python
SQL,Pandas,Node.js,MongoDB,HTML,Docker,Python
MongoDB,SQL,Node.js,Python,HTML,Docker
Machine Learning,Node.js,AWS,Docker,Pandas,MongoDB,Python
CSS,Machine Learning,Java,HTML,Python
Node.js,SQL,Pandas,Docker,Python
Docker,Git,CSS
SQL,CSS,Node.js,Docker,Pandas,Java,Python
Java,MongoDB,AWS,Docker,Node.js,React,HTML,CSS
Git,Python
HTML,Node.js,CSS,Git
CSS,Docker,HTML,SQL,MongoDB,React
Git,Docker
Git,MongoDB
MongoDB,Machine Learning,Java,HTML,Python
AWS,Docker,HTML,Python,MongoDB
Pandas,Java,HTML,React,CSS,Python
React,Docker,Machine Learning,Git,Python,HTML,CSS
Machine Learning,Docker,AWS,Git,Python
Node.js,Python,MongoDB,React,Machine Learning,CSS,HTML
CSS,Docker
AWS,Pandas,Python,MongoDB,HTML
Pandas,Python,React,HTML,Java,AWS,CSS
Java,Python,Pandas,MongoDB,Docker,React,HTML,CSS
Git,Machine Learning,Python
AWS,HTML,CSS
HTML,Pandas,Node.js,AWS,CSS,Python
HTML,Node.js,React,Git,MongoDB,CSS
SQL,React,Java,CSS,Python,HTML
React,AWS,Python,HTML,CSS
Pandas,Machine Learning,Docker,React,MongoDB,HTML,CSS,Python
Pandas,Node.js,Java,React,Docker,HTML,CSS,Python
Docker,React,Git,CSS,HTML
Machine Learning,AWS,MongoDB,Java,HTML,Node.js,Python
Python,Node.js,Pandas,Machine Learning,Docker
Git,Python,Java,MongoDB,React,Docker,HTML,CSS
AWS,Machine Learning,Pandas,Docker,Java,SQL,Python
Pandas,Node.js,Java,Python
Java,Pandas,MongoDB,Python
Java,AWS,Docker,SQL,Pandas,CSS,Python
Node.js,Python
AWS,Git,Docker
Node.js,Pandas,Python
MongoDB,Pandas,Git,Python,Java,Machine Learning
HTML,Machine Learning,Java,MongoDB,CSS,SQL,Python
AWS,Java,React,Pandas,Machine Learning,HTML,CSS,Python
AWS,Pandas,MongoDB,Python
Java,MongoDB,Machine Learning,HTML,Python
AWS,Java,CSS
Machine Learning,SQL,Git,Python
Git,SQL,Python,MongoDB
HTML,CSS,SQL,Git,Pandas,Node.js,Python
Machine Learning,Node.js,Python
Git,Node.js,React,HTML,CSS
HTML,Git,MongoDB,Docker,Python,CSS
Python,MongoDB,AWS,HTML
CSS,Docker,Java,MongoDB,HTML
Pandas,CSS,HTML,Python
SQL,Python,Node.js,React,Git,HTML,CSS
Python,AWS
React,Java,Node.js,HTML,CSS
Python,Node.js,Pandas,Git,React,Java,HTML,CSS
Java,MongoDB
AWS,MongoDB,Java,Node.js,Docker,SQL
Python,React,CSS,Docker,HTML
AWS,React,Git,Docker,HTML,Pandas,CSS,Python
Pandas,Git,SQL,Docker,Python
HTML,Git,Java,Machine Learning,CSS,Python
Machine Learning,SQL,HTML,Python
Docker,Java,Node.js,React,HTML,CSS
MongoDB,Pandas,AWS,Git,Python
HTML,Java,MongoDB,Machine Learning,CSS,Python
Machine Learning,MongoDB,Python
CSS,AWS,Docker
MongoDB,Pandas,HTML,Docker,Python
Java,SQL,React,HTML,CSS
Docker,React,HTML,CSS
Java,AWS,MongoDB,Machine Learning,Python
Machine Learning,SQL,Python
Python,Node.js
Git,Java,React,SQL,HTML,CSS
CSS,Git,Java,Docker,HTML,AWS
Python,Node.js,AWS,SQL,MongoDB,HTML
HTML,Pandas,React,CSS,Python
AWS,Java,Docker,MongoDB
Pandas,React,HTML,Docker,CSS,Python
Git,MongoDB,Pandas,React,HTML,CSS,Python
Java,AWS,Node.js,Git,SQL
Python,React,HTML,CSS
AWS,Python,CSS,MongoDB
Python,Java
Machine Learning,Pandas,Java,Python
React,Pandas,SQL,AWS,Docker,Python,HTML,CSS
MongoDB,Docker
AWS,Machine Learning,Python
React,Machine Learning,Java,HTML,CSS,Python
Node.js,Java
Pandas,Docker,Python,SQL,Machine Learning
AWS,HTML,Pandas,Java,Python,SQL
MongoDB,Java,Pandas,Node.js,Python,Docker
CSS,HTML,React
MongoDB,CSS,Git
Git,Docker
SQL,React,Machine Learning,Docker,Pandas,Java,HTML,CSS,Python
AWS,CSS,HTML,Machine Learning,Python
AWS,React,Machine Learning,Python,MongoDB,Pandas,HTML,CSS
Git,AWS
MongoDB,AWS,Docker
SQL,MongoDB,Docker,CSS
Python,Docker,Machine Learning,Git,CSS
Java,Docker,AWS
HTML,Git,Node.js,Java,Python
CSS,SQL,Machine Learning,Python
HTML,Machine Learning,Git,Python,AWS
Pandas,Docker,React,HTML,CSS,Python
CSS,MongoDB,Java,HTML
React,SQL,Machine Learning,Pandas,HTML,CSS,Python
Git,Java
AWS,Pandas,Docker,Machine Learning,MongoDB,Node.js,Python
MongoDB,Machine Learning,SQL,Git,Python
Git,SQL,CSS
Pandas,Git,Python,AWS,CSS,SQL
Java,Git,Node.js,HTML,Docker
React,Machine Learning,HTML,CSS,Python
AWS,Git,Machine Learning,Pandas,Node.js,Docker,Python
SQL,Docker
Docker,CSS,Python,AWS
Python,MongoDB,Docker,Pandas,HTML,SQL
AWS,SQL,Machine Learning,React,Pandas,Python,HTML,CSS
Node.js,React,HTML,CSS
SQL,Machine Learning,Java,Node.js,CSS,Python
SQL,HTML,Java
SQL,Machine Learning,CSS,Node.js,Pandas,AWS,Python
Python,SQL,Pandas,HTML
React,Machine Learning,Git,HTML,CSS,Python
Python,AWS
AWS,Machine Learning,Python
Node.js,Python,HTML,AWS,Docker,Git
Node.js,React,HTML,CSS,Java,Pandas,Python
SQL,Git,Node.js,Docker
Node.js,HTML,Git,React,Pandas,CSS,Python
Pandas,HTML,AWS,CSS,Python
Docker,Java,MongoDB,Machine Learning,Python
Node.js,MongoDB,React,AWS,Docker,HTML,CSS
Docker,Git,React,HTML,CSS
AWS,React,Node.js,Machine Learning,Java,CSS,HTML,Python
Java,CSS,Python
Machine Learning,Git,Python
SQL,React,Node.js,Machine Learning,HTML,CSS,Python
Node.js,AWS,Java
CSS,SQL,Python,MongoDB
HTML,Git
CSS,AWS
CSS,Pandas,SQL,HTML,AWS,Docker,Python
AWS,Docker,Machine Learning,Python
Git,CSS,Docker
Pandas,Node.js,Machine Learning,Git,Python
Node.js,Java,SQL,HTML
Java,Docker,Python,Git,Machine Learning
AWS,Pandas,Python
Node.js,Java,SQL
SQL,Pandas,Java,Node.js,Python
Git,MongoDB,AWS,React,Pandas,SQL,HTML,CSS,Python
HTML,Java
SQL,MongoDB,Node.js,Machine Learning,Python
SQL,Java,Docker,Node.js
Git,CSS,HTML,Machine Learning,AWS,Python
Machine Learning,HTML,Python
Java,Pandas,Node.js,Machine Learning,React,HTML,CSS,Python
Machine Learning,React,HTML,Pandas,CSS,Python
Git,Machine Learning,CSS,Node.js,Python,HTML
SQL,Pandas,Machine Learning,Python,HTML,AWS
React,HTML,Docker,SQL,CSS
React,AWS,Machine Learning,HTML,CSS,Python
Machine Learning,CSS,HTML,Java,Python
AWS,CSS,HTML,SQL,React,Java
AWS,CSS,Docker,MongoDB
MongoDB,Docker,React,Node.js,HTML,CSS
MongoDB,Git,Machine Learning,SQL,Python
AWS,Machine Learning,React,HTML,CSS,Python
SQL,React,Node.js,Machine Learning,AWS,HTML,CSS,Python
HTML,Pandas,Python
HTML,MongoDB,SQL
MongoDB,SQL,HTML
CSS,HTML,Python,Node.js,MongoDB
Node.js,Machine Learning,Python,Java,AWS,HTML
Git,MongoDB,SQL,Machine Learning,Python
AWS,Java,Node.js,CSS
CSS,Python,Node.js,AWS,Git,Pandas
Python,Git,Pandas,React,HTML,CSS
Docker,Git,MongoDB,HTML,AWS
MongoDB,Pandas,Git,Java,Docker,SQL,Python
Java,Machine Learning,Python
Java,AWS,SQL
Git,HTML,AWS,Java,Machine Learning,Python
React,Docker,HTML,CSS
Node.js,AWS,Machine Learning,Python
Docker,Pandas,Python,SQL,Machine Learning
CSS,Git
HTML,MongoDB,Git,Pandas,Machine Learning,Python
SQL,Node.js
Docker,HTML,Git,AWS,Java,React,CSS
CSS,Java
Pandas,Machine Learning,Python
SQL,Python,HTML,Git,AWS,Machine Learning
Machine Learning,CSS,MongoDB,React,HTML,Python
Machine Learning,SQL,CSS,MongoDB,Java,Git,Python
CSS,Pandas,Python
React,Git,HTML,CSS
Java,HTML,SQL,Pandas,Docker,Python
SQL,Docker,Node.js,MongoDB
Docker,Git,React,HTML,CSS
Java,React,MongoDB,HTML,CSS
MongoDB,Docker,CSS,React,Pandas,HTML,Python
Pandas,AWS,CSS,HTML,MongoDB,Python
Pandas,React,AWS,HTML,CSS,Python
HTML,React,CSS
CSS,Java
Pandas,Machine Learning,HTML,MongoDB,Python
HTML,Docker,SQL,React,CSS
HTML,React,Node.js,CSS
Git,Node.js,React,HTML,AWS,Java,CSS
CSS,HTML,Git,Docker,Pandas,React,Python
Node.js,AWS,HTML,CSS,Machine Learning,Python
Java,Docker
AWS,Java,Pandas,Python
Machine Learning,Python,Pandas,Git
HTML,AWS,Node.js,MongoDB
Java,CSS,Machine Learning,HTML,Pandas,Docker,Python
React,Docker,SQL,HTML,CSS
SQL,Machine Learning,Python
MongoDB,SQL
React,Pandas,HTML,CSS,Python
AWS,Docker,HTML,Node.js,React,CSS
SQL,CSS,Python,React,HTML
HTML,Node.js,React,CSS
Python,CSS,Git,Pandas,SQL,Docker
Git,Python,Java,Pandas,Machine Learning
React,Docker,Python,Pandas,HTML,CSS
Java,Docker,Machine Learning,Python
Docker,SQL,Machine Learning,Python
React,Docker,Python,HTML,CSS
Machine Learning,MongoDB,Python
Git,Python,AWS,Pandas,SQL
Docker,MongoDB,Pandas,CSS,Machine Learning,Git,Python
Machine Learning,React,MongoDB,AWS,HTML,CSS,Python
MongoDB,Java,Git,React,HTML,CSS
Machine Learning,Python
Node.js,AWS,Pandas,Java,HTML,React,CSS,Python
Python,Java,MongoDB,Git,Node.js,Pandas
Pandas,Machine Learning,Python,HTML,CSS,MongoDB
Git,Machine Learning,SQL,Pandas,AWS,Python
Pandas,React,MongoDB,Docker,Machine Learning,Python,HTML,CSS
Git,Node.js,AWS
AWS,Python
MongoDB,HTML
Docker,Python,CSS,SQL
HTML,Machine Learning,React,CSS,Python
Java,AWS,SQL,MongoDB,React,HTML,CSS
SQL,CSS,MongoDB,HTML,Docker
Git,Java,Pandas,React,Machine Learning,HTML,CSS,Python
SQL,Java,React,MongoDB,HTML,CSS
Node.js,SQL
Java,React,CSS,Pandas,Docker,HTML,Python
HTML,Git,AWS,Pandas,CSS,MongoDB,Python
HTML,AWS,Java
CSS,Python,Node.js,AWS,MongoDB,Docker
CSS,Docker
CSS,Java,Node.js,Machine Learning,HTML,Python
Python,Pandas
HTML,Java,Git,Machine Learning,Python
Machine Learning,Python
Python,Java,HTML,Machine Learning,React,CSS
Pandas,React,AWS,HTML,CSS,Python
CSS,Machine Learning,SQL,Git,Python
SQL,Machine Learning,Git,Java,Docker,HTML,Python
Pandas,Git,Node.js,MongoDB,Python
SQL,Python,Git,Node.js,AWS
Git,CSS,Pandas,HTML,Python
Machine Learning,React,Python,MongoDB,HTML,CSS
Python,Pandas,Docker
MongoDB,AWS,HTML,CSS
Node.js,Python,MongoDB,AWS
CSS,React,AWS,Python,HTML
Docker,CSS,React,Git,AWS,HTML
Node.js,Machine Learning,CSS,Pandas,Python
Java,HTML,Pandas,MongoDB,AWS,Python
CSS,HTML,Python
Machine Learning,Pandas,Git,Python
CSS,HTML,Java,Git,Python
Docker,Java,MongoDB
Java,CSS,Pandas,Python
AWS,MongoDB,Python,CSS,Machine Learning
Node.js,Machine Learning,React,Java,HTML,CSS,Python
HTML,Docker,MongoDB
Docker,Python,Java
Node.js,CSS,SQL,MongoDB
Git,Pandas,Docker,Python
HTML,CSS,Docker,Python,SQL,Machine Learning
MongoDB,Machine Learning,HTML,Python
MongoDB,Python,Java,AWS
Machine Learning,Python,Docker,Pandas,CSS
Docker,React,Machine Learning,HTML,CSS,Python
SQL,Pandas,Docker,React,Java,HTML,CSS,Python
MongoDB,SQL,HTML,AWS,Java
AWS,HTML,React,Docker,Pandas,CSS,Python
Python,AWS,MongoDB
Docker,Java,React,HTML,CSS
MongoDB,Docker,Pandas,Python
AWS,CSS
Java,MongoDB
SQL,HTML
Git,Machine Learning,Docker,CSS,Python
Python,Pandas
AWS,Machine Learning,Python
AWS,CSS
HTML,Python,Docker,Machine Learning,AWS
MongoDB,Pandas,Python,CSS
React,HTML,CSS
SQL,Machine Learning,Node.js,Git,Python
SQL,Java,Node.js,React,Git,MongoDB,HTML,CSS
MongoDB,CSS,Git,HTML
Git,Docker,Python,Machine Learning,SQL
CSS,SQL,Git,MongoDB,Python
SQL,MongoDB,Python,CSS,Git,React,HTML
AWS,React,Java,Pandas,HTML,CSS,Python
Node.js,MongoDB,SQL
AWS,CSS,MongoDB
AWS,Docker
HTML,Python
Python,HTML
HTML,Java,Node.js,SQL
SQL,Java,AWS,HTML,MongoDB,Python
Pandas,Git,HTML,React,CSS,Python
MongoDB,Java,Git,HTML
Node.js,HTML,Python
CSS,Machine Learning,HTML,React,Python
Machine Learning,MongoDB,Python
HTML,Node.js,MongoDB,Docker,Python,Machine Learning
Machine Learning,CSS,Python
Node.js,Pandas,CSS,SQL,Python
Git,MongoDB,SQL,Node.js,React,AWS,HTML,CSS
MongoDB,Node.js
AWS,Pandas,CSS,SQL,Node.js,HTML,Python
AWS,React,Machine Learning,HTML,CSS,Python
MongoDB,HTML,Docker,React,Git,AWS,CSS
Python,Pandas,AWS,React,MongoDB,Machine Learning,HTML,CSS
MongoDB,Git,Java
HTML,AWS,SQL,Docker,Python
React,Machine Learning,Git,HTML,CSS,Python
CSS,MongoDB
HTML,Machine Learning,Git,Python
React,Java,Machine Learning,AWS,Python,HTML,CSS
Python,Git
Node.js,SQL,CSS,MongoDB
Machine Learning,React,Docker,Node.js,CSS,HTML,Python
SQL,HTML,Docker,Python,Git,Pandas
Python,Docker,Pandas,SQL,CSS
MongoDB,Pandas,AWS,Python,Node.js
Java,Node.js,MongoDB,HTML,Python,Git
Pandas,AWS,MongoDB,Python
Java,Python,CSS
Docker,Python,HTML
AWS,Pandas,Python,Docker,Node.js
Java,Python,AWS,CSS,Docker,MongoDB
HTML,AWS
Java,CSS
Node.js,CSS
Java,Pandas,Python
Java,AWS,MongoDB,Docker
CSS,Pandas,Git,Docker,Python
HTML,React,CSS,SQL,Pandas,MongoDB,Python
HTML,React,Python,CSS
Machine Learning,Python,HTML,SQL,Java,Docker
Machine Learning,Docker,Git,MongoDB,Python
Node.js,AWS,Docker,HTML
Docker,Git,SQL
Java,Docker,MongoDB,Git,Pandas,AWS,Python
SQL,Pandas,Docker,Python
React,AWS,HTML,Node.js,Java,CSS
CSS,Machine Learning,MongoDB,Python
MongoDB,CSS,React,Node.js,Java,HTML
Python,Machine Learning,HTML
Java,SQL
Machine Learning,Docker,Python
MongoDB,Git,CSS
Docker,HTML,Python,SQL,Pandas
Python,HTML
Java,Node.js
Pandas,Java,Python,Machine Learning
Pandas,Machine Learning,Node.js,Python
AWS,Python,CSS,Pandas,Java
Node.js,Python,Java,HTML,CSS
Git,Docker,Machine Learning,MongoDB,CSS,Python
Machine Learning,CSS,AWS,Git,Java,Python
Docker,Node.js,SQL
React,Docker,HTML,Pandas,SQL,AWS,CSS,Python
AWS,HTML,Python,Java,Git,CSS
Node.js,AWS,SQL,Git
Java,AWS,Python,MongoDB,HTML,Node.js
AWS,CSS,Java,Machine Learning,Python
SQL,MongoDB,Pandas,Python
SQL,Git,Python
Docker,Machine Learning,MongoDB,Python,React,HTML,CSS
Pandas,AWS,CSS,Python
Java,React,Python,Machine Learning,MongoDB,HTML,CSS
MongoDB,Node.js,Git
CSS,Java
Node.js,Pandas,CSS,Machine Learning,Python
Node.js,Pandas,CSS,Machine Learning,Python
CSS,Java,Node.js,Python
HTML,Git
Pandas,Docker,Python
Docker,HTML,AWS,Python
Machine Learning,Git,AWS,Python
Pandas,MongoDB,Java,CSS,Python
Java,Node.js,Python
Pandas,MongoDB,Python
Docker,React,SQL,MongoDB,Pandas,AWS,HTML,CSS,Python
Pandas,CSS,MongoDB,Docker,React,Machine Learning,HTML,Python
Git,Python,SQL,CSS,Pandas,Machine Learning
AWS,SQL,Pandas,React,CSS,HTML,Python
AWS,Machine Learning,React,HTML,CSS,Python
Pandas,Node.js,AWS,Python
Pandas,SQL,Python,CSS
Java,Machine Learning,CSS,Node.js,React,HTML,Python
AWS,MongoDB
Pandas,Git,Python
Machine Learning,Python,HTML
CSS,Docker,Machine Learning,HTML,React,Java,Python
Git,Node.js
Docker,Java,React,MongoDB,HTML,CSS
Python,Node.js,AWS,Machine Learning,Docker,HTML
Docker,SQL,Machine Learning,Pandas,Node.js,Python
